City,Country,Date,Latitude,Longitude,Temperature,Humidity,Wind,Clouds
Busselton,AU,1566912916,-33.64,115.35,54.0,54,12.91,100
Jamestown,AU,1566912916,-33.21,138.6,39.93,93,0.78,0
San Jose de las Lajas,CU,1566912916,22.96,-82.15,80.6,88,1.12,20
Makakilo City,US,1566912917,21.35,-158.09,81.0,78,13.4,20
Novobiryusinskiy,RU,1566912917,56.96,97.71,59.73,61,9.13,60
Hermanus,ZA,1566912917,-34.42,19.24,59.0,67,7.0,0
Ancud,CL,1566912842,-41.87,-73.83,39.2,100,12.75,90
Bluff,AU,1566912918,-23.58,149.07,59.91,74,6.71,16
Mitsamiouli,KM,1566912918,-11.38,43.28,84.2,58,10.29,40
Mataura,NZ,1566912918,-46.19,168.86,46.99,74,8.01,1
Vostok,RU,1566912918,46.45,135.83,60.09,98,2.17,100
Port Alfred,ZA,1566912919,-33.59,26.89,64.0,69,8.99,96
Riacho de Santana,BR,1566912919,-13.61,-42.94,84.93,27,9.64,45
Komsomolskiy,RU,1566912919,67.55,63.78,42.09,68,9.17,66
Dikson,RU,1566912920,73.51,80.55,40.83,94,10.09,83
Albany,US,1566912902,42.65,-73.75,66.0,77,5.82,75
Rocha,UY,1566912920,-34.48,-54.34,66.21,75,5.97,8
Atuona,PF,1566912920,-9.8,-139.03,78.27,73,18.41,100
Arraial do Cabo,BR,1566912920,-22.97,-42.02,73.4,64,16.11,75
Punta Arenas,CL,1566912865,-53.16,-70.91,37.4,69,18.34,75
Puerto Ayora,EC,1566912921,-0.74,-90.35,73.4,78,2.24,20
Jasper,US,1566912921,33.83,-87.28,77.0,94,3.69,90
Vaini,IN,1566912921,15.34,74.49,78.8,83,9.17,40
Ahuimanu,US,1566912812,21.44,-157.84,81.0,74,8.05,75
Auki,NG,1566912922,12.18,6.51,82.77,65,6.64,73
Ribeira Grande,PT,1566912922,38.52,-28.7,75.2,78,6.93,20
Butaritari,KI,1566912922,3.07,172.79,84.75,67,8.48,31
Mahebourg,MU,1566912922,-20.41,57.7,73.4,56,12.75,75
Hilo,US,1566912923,19.71,-155.08,75.2,83,4.7,1
Rikitea,PF,1566912923,-23.12,-134.97,69.99,62,8.59,0
San Andres,PH,1566912923,13.32,122.68,75.93,90,5.28,100
Kapiri Mposhi,ZM,1566912923,-13.97,28.68,86.19,21,9.93,62
Ushuaia,AR,1566912893,-54.81,-68.31,39.2,64,14.99,75
Guerrero Negro,MX,1566912924,27.97,-114.04,69.99,78,5.59,0
Port Blair,IN,1566912900,11.67,92.75,77.0,88,13.87,75
Luderitz,NA,1566912924,-26.65,15.16,69.8,37,27.51,0
Sola,TZ,1566912925,-3.17,33.8,84.21,28,3.24,96
Ranghulu,CN,1566912925,46.63,124.88,62.25,69,7.4,50
Surt,LY,1566912925,31.21,16.59,81.87,70,9.53,0
Chuy,UY,1566912925,-33.69,-53.46,61.17,82,4.85,0
Kozhva,RU,1566912926,65.11,57.05,45.87,60,6.35,100
Saint-Joseph,FR,1566912926,43.56,6.97,91.4,55,8.05,0
Provideniya,RU,1566912926,64.42,-173.23,46.23,92,5.44,100
Hobart,AU,1566912663,-42.88,147.33,53.6,58,11.41,75
Ilulissat,GL,1566912927,69.22,-51.1,39.2,55,5.82,20
Mount Gambier,AU,1566912927,-37.83,140.78,46.4,93,11.41,40
Quilmana,PE,1566912927,-12.95,-76.38,59.37,81,6.51,64
Adrar,DZ,1566912927,27.87,-0.29,111.2,11,5.82,40
Horconcitos,PA,1566912928,8.47,-81.8,82.41,63,3.11,44
Margate,AU,1566912928,-43.03,147.26,53.6,58,11.41,75
Laela,TZ,1566912928,-8.57,32.05,82.77,18,8.93,57
Varhaug,NO,1566912929,58.61,5.65,80.01,61,13.87,0
Avarua,CK,1566912929,-21.21,-159.78,71.6,73,9.17,98
Orotukan,RU,1566912929,62.26,151.67,49.47,91,2.62,100
Lasa,CY,1566912929,34.92,32.53,89.6,70,16.11,20
Hamilton,CA,1566912916,43.26,-79.87,69.01,100,11.41,90
Saint Anthony,US,1566912930,43.97,-111.68,46.0,75,5.61,1
Karratha,AU,1566912653,-20.74,116.85,61.53,92,4.16,72
Byron Bay,AU,1566912930,-28.65,153.62,64.4,88,8.05,88
Manokwari,ID,1566912930,-0.87,134.08,72.51,82,5.1,3
Nikolskoye,RU,1566912931,59.7,30.79,71.6,46,8.95,0
Nizwa,OM,1566912931,22.93,57.53,92.49,13,11.79,0
New Norfolk,AU,1566912931,-42.78,147.06,53.6,58,11.41,75
Upernavik,GL,1566912931,72.79,-56.15,37.77,54,3.96,100
East London,ZA,1566912932,-33.02,27.91,64.4,52,14.99,75
Rockhampton,AU,1566912932,-23.38,150.51,60.8,93,4.7,0
Thompson,CA,1566912768,55.74,-97.86,44.6,93,19.46,90
Saldanha,PT,1566912932,41.42,-6.55,83.13,32,2.93,67
Port-Cartier,CA,1566912933,50.03,-66.88,71.6,53,5.82,75
Minot,US,1566912638,48.23,-101.3,53.01,93,21.92,90
Kodiak,US,1566912933,39.95,-94.76,64.4,100,6.93,1
Taoudenni,ML,1566912933,22.68,-3.98,104.55,22,13.98,46
Ranau,MY,1566912934,5.95,116.67,75.2,100,6.93,75
Kaita,JP,1566912934,34.37,132.55,82.0,88,4.7,75
Galveston,US,1566912934,40.58,-86.19,72.0,100,6.93,1
Cayenne,GF,1566912934,4.94,-52.33,86.0,66,9.17,75
Torbay,CA,1566912935,47.66,-52.73,61.0,87,17.22,90
Poum,MK,1566912935,41.28,20.71,77.0,47,4.7,40
Seoul,KR,1566912896,37.57,126.98,77.0,88,2.24,20
Charleville-Mezieres,FR,1566912734,49.77,4.72,91.99,25,9.17,20
Gafanha da Encarnacao,PT,1566912935,40.62,-8.73,80.01,73,6.93,20
Koslan,RU,1566912936,63.46,48.9,41.55,95,11.3,100
Iqaluit,CA,1566912936,63.75,-68.52,46.4,81,21.92,75
Cidreira,BR,1566912936,-30.17,-50.22,74.31,59,0.65,0
Saint-Philippe,CA,1566912936,45.36,-73.48,70.0,68,9.17,1
Barrow,AR,1566912937,-38.31,-60.23,65.67,59,14.65,8
Longyearbyen,NO,1566912937,78.22,15.63,41.0,78,32.21,75
Ewa Beach,US,1566912937,21.32,-158.01,81.0,78,13.4,20
Yellowknife,CA,1566912843,62.45,-114.38,46.4,100,6.93,20
Ubinskoye,RU,1566912938,55.31,79.68,54.15,80,8.81,57
Tessalit,ML,1566912938,20.2,1.01,98.07,28,9.64,35
San Policarpo,PH,1566912938,12.18,125.51,79.53,80,9.71,100
Yar-Sale,RU,1566912939,66.83,70.83,45.87,71,15.79,100
Cabo San Lucas,MX,1566912938,22.89,-109.91,79.0,78,4.23,20
Saskylakh,RU,1566912939,71.97,114.09,57.57,72,4.32,100
Khatanga,RU,1566912939,71.98,102.47,52.35,93,9.64,0
Portland,US,1566912649,43.66,-70.25,69.01,68,4.7,20
Mount Isa,AU,1566912940,-20.73,139.49,62.6,20,9.17,0
Nanortalik,GL,1566912707,60.14,-45.24,42.09,90,3.42,41
George Town,MY,1566912708,5.42,100.33,80.6,88,6.35,75
Bredasdorp,ZA,1566912848,-34.53,20.04,64.4,42,17.22,75
Hami,CN,1566912961,42.84,93.51,82.05,14,8.28,0
Pevek,RU,1566912962,69.7,170.27,37.95,95,13.62,100
Rome,IT,1566912683,41.89,12.48,93.2,30,3.36,20
Siderno,IT,1566912962,38.28,16.3,89.6,58,11.41,20
Baykit,RU,1566912962,61.68,96.39,48.39,79,3.4,38
Grindavik,IS,1566912963,63.84,-22.43,53.6,93,16.11,90
Amga,RU,1566912963,60.89,131.98,50.37,74,2.42,0
San Juan,AR,1566912941,-31.54,-68.53,58.83,30,6.11,9
Qaanaaq,GL,1566912963,77.48,-69.36,33.63,89,9.6,100
Southbridge,US,1566912862,42.08,-72.03,69.01,63,5.82,1
Minas de Barroteran,MX,1566912964,27.63,-101.28,86.91,51,3.44,7
Ban Dung,TH,1566912964,17.7,103.25,78.8,100,5.82,40
Touros,BR,1566912964,-5.2,-35.46,82.4,65,10.29,40
Honningsvag,NO,1566912965,70.98,25.97,51.27,93,19.44,99
Tiznit,MA,1566912965,29.7,-9.73,68.19,84,7.4,90
Cherskiy,RU,1566912965,68.75,161.3,40.29,89,15.64,100
Halifax,CA,1566912811,44.65,-63.58,62.01,77,19.46,75
Barranca,PE,1566912966,-10.75,-77.76,57.39,85,2.01,100
Camacha,PT,1566912966,33.08,-16.33,75.2,57,10.29,40
Severo-Kurilsk,RU,1566912966,50.68,156.12,48.39,95,14.7,60
Khandagayty,MN,1566912966,50.73,92.07,50.55,55,7.18,0
Lebu,ET,1566912967,8.96,38.73,57.2,87,9.17,90
Marsala,IT,1566912967,37.8,12.44,88.0,79,8.05,20
Belmonte,PT,1566912967,40.36,-7.35,84.0,46,3.8,61
Bethel,US,1566912737,60.79,-161.76,51.8,93,8.05,75
Bilibino,RU,1566912968,68.06,166.44,43.35,95,2.89,100
Faanui,PF,1566912968,-16.48,-151.75,78.09,77,14.67,14
Nikolsk,RU,1566912968,59.53,45.45,50.19,87,13.4,74
Xuddur,SO,1566912968,4.12,43.89,86.19,32,19.33,53
Omaruru,NA,1566912969,-21.42,15.95,79.89,10,18.12,0
Cape Town,ZA,1566912937,-33.93,18.42,62.01,54,9.17,75
Pontianak,ID,1566912969,-0.02,109.34,73.4,94,4.7,75
Kavieng,PG,1566912969,-2.57,150.8,83.13,74,7.99,0
Tuktoyaktuk,CA,1566912969,69.44,-133.03,46.4,93,10.29,90
Dukat,AL,1566912970,40.25,19.57,82.99,47,3.0,18
Bahia Honda,CU,1566912970,22.9,-83.16,83.67,72,5.01,55
Beruwala,LK,1566912970,6.48,79.98,81.87,83,11.41,78
Pangody,RU,1566912971,65.85,74.49,45.15,85,28.48,100
Tromso,NO,1566912971,69.65,18.96,66.2,87,14.99,75
Sao Joao da Barra,BR,1566912971,-21.64,-41.05,73.4,60,9.17,75
Kaitangata,NZ,1566912972,-46.28,169.85,46.99,60,4.0,53
Tiksi,RU,1566912972,71.64,128.87,39.21,83,8.93,50
Padang,ID,1566912972,-0.92,100.36,80.07,73,2.21,100
Alto Araguaia,BR,1566912973,-17.32,-53.22,89.61,24,7.76,90
Teluk Intan,MY,1566912973,4.02,101.03,84.2,74,2.24,75
Katsuura,JP,1566912973,33.93,134.5,77.0,94,18.34,75
London,GB,1566912752,51.51,-0.13,91.99,35,6.93,1
Ponta do Sol,BR,1566912973,-20.63,-46.0,77.91,42,4.07,12
Juarez,AR,1566912974,-38.95,-67.92,50.0,57,6.93,0
Mar del Plata,AR,1566912974,-46.43,-67.52,41.37,50,19.6,100
Kulhudhuffushi,MV,1566912974,6.62,73.07,81.87,76,13.71,100
Tuatapere,NZ,1566912974,-46.13,167.69,46.99,74,8.01,47
Porto Novo,BR,1566912975,-23.68,-45.44,60.8,82,4.7,75
Wote,KE,1566912975,-1.78,37.63,77.55,39,9.48,81
Walvis Bay,NA,1566912975,-22.95,14.51,60.01,76,11.99,0
Chokurdakh,RU,1566912976,70.62,147.9,32.19,91,4.14,100
Souillac,FR,1566912976,45.6,-0.6,84.99,48,4.7,61
Coihaique,CL,1566912976,-45.58,-72.07,39.2,69,5.82,90
Bambous Virieux,MU,1566912976,-20.34,57.76,73.4,56,12.75,75
Salinopolis,BR,1566912976,-0.61,-47.36,81.51,78,18.48,100
Gambela,ET,1566912977,8.25,34.59,70.89,92,1.1,100
Brae,GB,1566912977,60.4,-1.35,66.2,72,11.41,20
Basco,US,1566912977,40.33,-91.2,68.0,100,6.93,1
Cheremshan,RU,1566912978,54.66,51.51,56.31,89,9.44,68
Malanje,AO,1566912978,-9.54,16.35,80.6,78,1.95,75
Ust-Tarka,RU,1566912978,55.56,75.71,53.79,68,11.99,100
Bure,NG,1566912979,10.52,10.33,78.27,81,3.31,100
Tshane,BW,1566912979,-24.02,21.87,82.77,6,6.02,0
Faya,SA,1566912979,18.39,42.45,82.4,56,13.87,40
Guiglo,CI,1566912979,6.55,-7.5,77.55,93,3.91,83
Dorfen,DE,1566912980,48.27,12.15,86.0,54,4.7,20
Axim,GH,1566912980,4.87,-2.24,77.19,81,10.83,98
Pimentel,BR,1566912980,-3.7,-45.5,91.05,40,6.62,41
Sungai Besar,MY,1566912980,3.68,100.99,84.2,74,2.24,75
Jieshi,CN,1566912981,22.82,115.83,79.71,89,1.48,81
Batagay-Alyta,RU,1566912981,67.8,130.41,42.27,92,1.36,49
Tasiilaq,GL,1566912981,65.61,-37.64,48.2,76,11.41,20
Rio Verde de Mato Grosso,BR,1566912981,-18.92,-54.84,87.09,32,5.91,100
Nemuro,JP,1566912982,43.32,145.57,62.43,90,6.15,0
Grand Gaube,MU,1566912982,-20.01,57.66,73.4,56,12.75,75
Punta Cardon,VE,1566912982,11.61,-70.22,81.69,77,23.24,0
Ginda,IN,1566912983,30.69,78.49,63.15,94,1.54,94
Ucluelet,CA,1566912983,48.94,-125.55,55.0,100,1.07,5
Miraflores,PE,1566912983,-16.39,-71.52,66.2,6,2.24,0
Kolno,PL,1566912983,53.41,21.93,86.0,33,8.05,0
Oktyabrskoye,RU,1566912984,56.73,85.44,68.0,64,11.18,20
Burns Lake,CA,1566912984,54.23,-125.76,46.77,96,2.21,100
Yuzhno-Kurilsk,RU,1566912984,44.03,145.86,61.71,89,9.42,0
Half Moon Bay,US,1566912984,37.46,-122.43,61.0,93,3.36,90
Cockburn Town,TC,1566912985,21.46,-71.14,83.31,78,9.95,100
Dnestrovsc,MD,1566912985,46.62,29.91,87.8,27,4.47,0
Alofi,NU,1566912985,-19.06,-169.92,73.4,94,6.93,63
Obernai,FR,1566912985,48.46,7.48,91.0,40,6.93,0
Carnarvon,ZA,1566912986,-30.97,22.13,62.43,9,16.2,5
Peniche,PT,1566912986,39.36,-9.38,77.0,73,12.75,75
Neyshabur,IR,1566912986,36.21,58.79,69.27,17,9.46,0
Petropavlovka,RU,1566912986,50.61,105.32,40.83,68,2.21,0
Flinders,AU,1566912986,-34.58,150.85,59.0,100,9.17,78
Merauke,ID,1566912987,-8.49,140.4,76.83,78,23.33,90
Castro,CL,1566912987,-42.48,-73.76,39.2,100,12.75,90
Kresttsy,RU,1566912987,58.25,32.52,67.11,60,7.58,18
Arinos,BR,1566912988,-15.92,-46.11,79.35,39,9.35,50
Isangel,VU,1566912988,-19.55,169.27,66.2,77,5.82,75
Clyde River,CA,1566912988,70.47,-68.59,44.6,87,17.22,90
Tarakan,ID,1566912988,3.3,117.63,78.8,88,10.29,75
Hearst,CA,1566912768,49.69,-83.67,60.63,95,12.08,100
Narsaq,GL,1566912989,60.91,-46.05,51.8,43,3.36,40
Shushtar,IR,1566912989,32.05,48.86,113.0,10,9.17,0
San Patricio,PY,1566912989,-26.98,-56.83,78.63,58,5.39,0
Sorong,ID,1566912989,-0.86,131.25,74.49,89,7.83,87
Kapaa,US,1566912990,22.08,-159.32,80.6,74,11.41,20
Sindor,RU,1566912990,62.87,51.9,44.07,88,9.22,100
Varnavino,RU,1566912990,61.19,46.56,49.83,81,13.06,98
Sernur,RU,1566912991,56.93,49.15,54.15,84,11.74,83
Manggar,ID,1566912991,-2.88,108.27,77.37,85,5.01,27
Namibe,AO,1566912991,-15.19,12.15,75.2,64,13.87,0
Kudahuvadhoo,MV,1566912991,2.67,72.89,83.13,76,8.1,100
Samarai,PG,1566912992,-10.62,150.67,73.05,95,4.38,94
Kendari,ID,1566912992,-3.99,122.52,66.75,93,2.71,100
Teahupoo,PF,1566912992,-17.83,-149.27,73.4,83,3.36,40
Port Elizabeth,US,1566912992,39.31,-74.98,73.0,82,5.82,1
Killybegs,IE,1566912993,54.63,-8.45,59.0,100,2.24,90
Arlit,NE,1566912993,18.74,7.39,93.75,35,4.94,31
Caravelas,BR,1566912993,-17.73,-39.27,72.69,73,12.57,72
Lingyuan,CN,1566912994,41.24,119.4,62.25,47,5.97,52
Fortuna,US,1566912994,40.6,-124.16,55.99,93,3.36,1
Verkhniy Avzyan,RU,1566912994,53.53,57.54,49.11,89,5.08,100
Kruisfontein,ZA,1566912994,-34.0,24.73,56.31,61,20.04,67
Nouadhibou,MR,1566912995,20.93,-17.03,78.8,74,11.41,20
Robertsport,LR,1566912995,6.75,-11.37,78.45,83,12.73,100
Hauterive,CA,1566912995,49.18,-68.27,64.4,77,2.24,75
Hamburg,DE,1566912791,53.55,10.0,91.0,45,9.17,0
Maragogi,BR,1566912823,-9.01,-35.22,78.45,76,12.91,56
Thiruvananthapuram,IN,1566912763,8.48,76.92,80.6,83,5.82,75
Beringovskiy,RU,1566912996,63.05,179.32,45.69,91,7.67,98
Qasigiannguit,GL,1566912996,68.82,-51.19,39.2,55,5.82,20
Hithadhoo,MV,1566912889,-0.6,73.08,83.13,71,8.32,100
Kryvyy Rih,UA,1566912997,47.92,33.35,87.8,22,11.18,0
Jinji,CN,1566912997,22.16,112.49,78.63,86,3.8,17
Kamenka,MD,1566912997,48.03,28.7,87.01,33,4.0,0
Tabou,CI,1566912998,4.42,-7.36,79.89,71,8.79,83
Pringsewu,ID,1566912998,-5.36,104.98,70.35,96,0.89,69
Mansa,IN,1566912998,23.43,72.66,82.4,94,8.05,75
Geraldton,CA,1566912998,49.72,-86.95,59.0,93,4.7,90
Sao Marcos,BR,1566912999,-28.97,-51.07,69.01,68,3.0,0
La Ronge,CA,1566912999,55.1,-105.3,50.0,93,5.82,90
Norman Wells,CA,1566912999,65.28,-126.83,41.0,100,3.36,40
Constitucion,MX,1566912999,23.99,-104.67,61.0,100,12.88,90
Raudeberg,NO,1566913000,61.99,5.14,80.6,68,13.87,20
Tazovskiy,RU,1566912707,67.47,78.7,45.15,71,16.28,100
Laguna,BZ,1566913000,16.17,-88.94,78.8,88,0.43,20
Sherbakul,RU,1566913000,54.63,72.39,57.2,71,11.18,75
Lavrentiya,RU,1566913001,65.58,-170.99,46.77,85,5.59,0
Sao Filipe,CV,1566913001,14.9,-24.5,79.71,77,3.15,2
Taga,ID,1566913001,-8.61,120.44,67.65,93,4.45,14
Broken Hill,AU,1566913002,-31.97,141.45,46.4,49,7.63,0
Sibiti,CG,1566913002,-3.69,13.35,91.23,36,3.27,95
Hambantota,LK,1566913002,6.12,81.12,80.6,94,11.41,40
Kravare,CZ,1566913002,49.93,18.0,88.0,65,3.36,20
Quatre Cocos,MU,1566913003,-20.21,57.76,73.4,56,12.75,75
Magdagachi,RU,1566913003,53.45,125.8,55.41,70,6.06,100
Ola,RU,1566913003,59.58,151.3,50.73,95,1.03,100
Gizo,IL,1566913003,31.8,34.94,90.0,55,12.75,0
Ledyard,US,1566913004,41.44,-72.02,70.0,82,3.53,1
Nuuk,GL,1566913004,64.17,-51.74,48.2,45,4.7,90
Kahului,US,1566913004,20.89,-156.47,75.2,94,3.36,75
Salalah,OM,1566913005,17.01,54.1,82.4,83,11.41,90
Skelleftea,SE,1566913005,64.75,20.95,75.2,53,9.17,0
Quijingue,BR,1566913005,-10.75,-39.21,77.01,60,11.65,97
Jega,NG,1566913005,12.22,4.38,89.25,50,7.45,68
Kholtoson,RU,1566913006,50.3,103.31,44.43,73,2.13,0
Evans,US,1566913006,40.38,-104.69,61.0,67,8.05,82
Matadi,CD,1566913006,-5.83,13.46,88.53,43,15.48,35
Chapais,CA,1566913006,49.78,-74.86,62.6,72,5.82,1
Vila Franca do Campo,PT,1566913007,37.72,-25.43,75.2,78,6.93,20
Nome,US,1566913007,30.04,-94.42,86.0,83,3.36,1
Nara,JP,1566913007,34.68,135.8,78.8,88,9.17,75
Airai,TL,1566913007,-8.93,125.41,65.49,82,5.57,33
Talnakh,RU,1566913008,69.49,88.39,51.8,71,4.47,75
Lac du Bonnet,CA,1566913008,50.25,-96.06,55.99,94,23.44,100
Wiwili,NI,1566913008,13.63,-85.83,69.8,88,9.17,75
Georgetown,GY,1566912756,6.8,-58.16,86.0,79,11.41,40
Ayan,IR,1566913009,38.23,44.7,71.43,16,11.39,26
Ratnagiri,IN,1566913009,16.98,73.3,82.05,79,15.3,0
Akdagmadeni,TR,1566913009,39.66,35.88,76.29,38,13.51,0
Ngunguru,NZ,1566913009,-35.62,174.5,42.01,89,1.99,0
Khani,GE,1566913010,41.96,42.96,86.0,42,6.93,40
Lorengau,PG,1566913010,-2.02,147.27,78.81,85,6.58,71
San Luis,AR,1566913010,-33.3,-66.34,71.07,52,5.59,51
Lugovoy,RU,1566913010,59.72,65.88,47.49,67,7.16,91
Inhambane,MZ,1566913011,-23.87,35.38,78.8,69,11.41,20
Sept-Iles,CA,1566913011,50.2,-66.38,71.6,53,5.82,75
Puerto Colombia,CO,1566913011,10.99,-74.96,86.0,79,12.75,20
Gaspe,CA,1566913011,48.83,-64.48,57.2,87,5.82,90
Jalu,LY,1566913012,29.03,21.55,100.95,16,9.66,0
Uyo,NG,1566913012,5.03,7.92,83.49,71,7.83,63
Montevista,PH,1566913012,7.7,125.99,78.01,41,1.01,100
Manoel Urbano,BR,1566913013,-8.84,-69.26,91.23,45,2.26,4
Snezhnogorsk,RU,1566913013,69.19,33.23,51.8,71,8.95,40
Yulara,AU,1566913013,-25.24,130.99,57.2,30,8.05,0
Estelle,FR,1566913013,43.97,3.47,82.4,54,6.93,0
Honiara,SB,1566913014,-9.43,159.96,77.0,100,18.5,40
Vila Velha,BR,1566913014,-3.71,-38.6,87.8,45,14.99,20
Las Palmas,CO,1566913014,9.27,-75.33,86.37,74,7.54,70
Valparaiso,US,1566913015,41.47,-87.06,69.01,94,8.05,75
Leningradskiy,RU,1566913015,69.38,178.42,39.57,94,6.49,100
North Bend,US,1566913015,43.41,-124.22,57.99,100,14.67,1
Miri,NG,1566913015,10.31,9.75,74.85,87,2.33,100
Klaksvik,FO,1566913016,62.23,-6.59,53.6,93,11.41,40
Saint George,GR,1566913016,39.45,22.34,93.2,21,17.22,20
Moussoro,TD,1566913016,13.64,16.49,90.87,47,8.14,94
Lompoc,US,1566913016,34.64,-120.46,59.0,100,5.84,90
Xining,CN,1566912954,36.62,101.77,50.01,93,2.66,100
Bongandanga,CD,1566913017,1.51,21.07,86.19,57,2.19,89
Elko,US,1566913017,40.83,-115.76,55.0,56,4.7,1
Lantawan,PH,1566913017,10.57,123.77,80.6,78,10.29,75
Asyut,EG,1566913017,27.18,31.19,100.4,27,17.22,0
Heishan,CN,1566913018,41.69,122.12,64.05,88,1.57,0
Xixiang,CN,1566913018,22.58,113.87,87.01,83,8.95,0
Sussex,CA,1566913018,45.72,-65.51,59.0,82,6.2,75
Mamburao,PH,1566913018,13.22,120.6,77.37,86,7.87,100
Dandong,CN,1566913019,40.12,124.37,66.39,94,2.68,0
Pokhara,NP,1566913019,28.21,83.99,58.47,80,3.42,28
Aykhal,RU,1566913019,65.95,111.51,51.8,100,4.47,90
Naze,NG,1566913019,5.43,7.07,83.85,72,6.22,58
Santa Cruz,BR,1566913020,-6.22,-36.02,86.91,41,16.84,41
Santa Maria da Boa Vista,BR,1566913020,-8.8,-39.83,82.77,42,16.87,97
Sainte-Anne-des-Monts,CA,1566913020,49.13,-66.49,60.09,76,5.23,46
Leshukonskoye,RU,1566913020,64.9,45.76,44.25,84,6.93,97
Yaan,NG,1566913021,7.38,8.57,83.31,71,5.7,49
Tupancireta,BR,1566913021,-29.08,-53.84,71.97,67,5.21,0
Esperance,AU,1566913021,-33.86,121.89,51.8,87,8.05,100
Taitung,TW,1566913022,22.76,121.15,82.4,74,4.7,40
Sechura,PE,1566913013,-5.56,-80.82,60.63,90,5.7,4
Vao,EE,1566913022,59.1,26.19,67.29,64,2.39,100
Coquimbo,CL,1566913022,-29.95,-71.34,69.8,30,6.93,0
Pitimbu,BR,1566913023,-7.47,-34.81,80.6,74,17.22,75
Rabo de Peixe,PT,1566913023,37.8,-25.58,75.2,78,6.93,20
Paracin,RS,1566913023,43.86,21.41,93.2,51,2.24,20
Deputatskiy,RU,1566913023,69.3,139.9,37.41,90,2.17,98
Juneau,US,1566913024,58.3,-134.42,51.8,93,5.82,90
Esna,RO,1566913024,45.2,27.57,89.6,29,6.93,40
Acapulco,MX,1566913024,16.86,-99.88,78.8,83,5.82,75
Nizhniy Tsasuchey,RU,1566913025,50.52,115.13,56.31,82,20.0,100
Iguape,BR,1566913025,-24.7,-47.56,69.99,70,2.46,100
Ixtapa,MX,1566913025,20.71,-105.21,80.6,88,3.4,90
Zhangjiakou,CN,1566913025,40.77,114.88,54.87,48,12.53,0
Port Macquarie,AU,1566913026,-31.43,152.91,59.0,100,3.36,40
Zigong,CN,1566913026,29.34,104.78,77.73,68,4.54,85
Churapcha,RU,1566913026,62.0,132.43,51.81,65,3.27,0
Maldonado,UY,1566913026,-34.91,-54.96,60.8,100,2.24,42
Dunedin,NZ,1566912898,-45.87,170.5,45.0,59,1.99,56
Vestmannaeyjar,IS,1566913027,63.44,-20.27,51.8,100,20.8,90
Matara,BI,1566913027,-3.48,29.48,62.61,62,5.59,5
Anchorage,US,1566913028,61.22,-149.89,53.6,87,3.06,20
Trofors,NO,1566913028,65.54,13.39,73.4,60,4.7,0
Iaciara,BR,1566913028,-14.1,-46.63,86.37,26,8.3,45
Nicoya,CR,1566913028,10.15,-85.45,77.0,94,3.36,75
Ginir,ET,1566913029,7.14,40.71,66.75,68,1.32,92
Colac,AU,1566913029,-38.34,143.59,50.0,95,1.99,96
Cabra,ES,1566913029,37.47,-4.43,86.0,54,8.05,20
Zhireken,RU,1566913029,52.82,117.29,50.19,82,6.4,82
Okato,NZ,1566913030,-39.19,173.88,43.0,80,1.01,0
Khasan,RU,1566913030,42.43,130.64,63.87,99,3.56,93
Santiago,PH,1566913030,16.69,121.54,73.95,99,1.59,100
Abha,SA,1566913030,18.22,42.5,82.4,56,13.87,40
Broome,GB,1566913031,52.47,1.45,91.99,42,10.29,0
Sydney,AU,1566912938,-33.85,151.22,57.2,76,9.17,75
Morant Bay,JM,1566913031,17.88,-76.41,84.2,58,3.36,20
Port Lincoln,AU,1566913032,-34.72,135.86,55.05,70,18.25,95
Abu Kamal,SY,1566913032,34.45,40.92,104.01,12,5.68,0
Nishihara,JP,1566913032,35.74,139.53,81.0,94,4.7,1
Hervey Bay,AU,1566913033,-25.3,152.85,59.0,93,2.3,46
San Juan del Sur,NI,1566913033,11.25,-85.87,82.4,83,4.7,75
Kenora,CA,1566913033,49.76,-94.48,57.2,93,8.05,75
Lokosovo,RU,1566913033,61.13,74.84,51.09,96,22.26,100
Chilca,PE,1566913034,-13.22,-72.34,51.8,50,3.36,0
Lagoa,PT,1566913034,37.14,-8.45,77.0,78,9.17,20
Lensk,RU,1566913034,60.71,114.91,49.11,91,6.29,3
Arman,RU,1566913034,59.7,150.17,47.67,90,2.35,100
Shimoda,JP,1566913035,34.7,138.93,73.4,94,3.36,75
Rio Gallegos,AR,1566913035,-51.62,-69.22,41.0,44,20.8,0
Raymond,CA,1566913035,49.47,-112.67,41.0,93,8.05,5
Lichinga,MZ,1566913035,-13.3,35.25,77.0,36,6.93,20
Sur,OM,1566913036,22.57,59.53,80.61,67,3.04,0
Altea,ES,1566912742,38.6,-0.05,81.0,83,19.46,75
Kirakira,SB,1566913036,-10.46,161.92,77.73,84,13.56,100
Mantua,IT,1566913037,45.16,10.79,91.99,48,4.7,20
El Alto,BO,1566913037,-16.5,-68.19,41.0,31,6.93,20
Ryabovo,RU,1566913037,60.34,28.99,73.99,73,4.0,88
Aripuana,BR,1566913037,-9.17,-60.63,93.39,40,4.16,98
Tura,RU,1566913037,64.27,100.22,44.61,86,3.69,0
Erenhot,CN,1566913038,43.65,111.97,60.27,55,20.0,78
Russell,US,1566913038,38.9,-98.86,66.0,82,6.93,1
Boguchany,RU,1566913038,58.38,97.46,51.45,78,4.05,1
Andros Town,BS,1566913039,24.73,-77.79,86.0,79,5.82,75
Lincoln,GB,1566913039,53.23,-0.54,89.01,48,6.93,0
Puerto Escondido,MX,1566913039,15.86,-97.07,86.55,57,2.46,20
Esik,KZ,1566913039,43.36,77.47,84.2,26,6.71,20
Sitka,US,1566913040,37.17,-99.65,64.0,91,11.81,0
Talaya,RU,1566913040,55.79,84.89,68.0,64,11.18,20
Northam,AU,1566913040,-31.65,116.67,64.4,39,8.05,100
Manaus,BR,1566913041,-3.13,-59.98,86.0,66,8.05,0
Barao de Melgaco,BR,1566913041,-16.19,-55.97,75.2,60,12.75,75
Ust-Ilimsk,RU,1566913041,57.96,102.73,49.65,74,4.61,47
Nyagan,RU,1566913041,62.14,65.43,45.33,66,9.22,68
Barro,BR,1566913042,-8.1,-34.96,80.6,69,16.11,75
Torrington,US,1566913042,42.06,-104.18,55.4,66,5.82,90
Oistins,BB,1566913038,13.07,-59.53,82.4,83,21.92,75
Dawlatabad,AF,1566913042,36.41,64.91,76.47,12,4.61,0
Petropavlovsk-Kamchatskiy,RU,1566913043,53.05,158.65,55.4,100,2.24,75
Baghdad,IQ,1566913043,33.3,44.38,116.6,13,9.17,0
Katherine,AU,1566913043,-14.47,132.26,69.8,16,9.17,47
Ahipara,NZ,1566913043,-35.17,173.16,43.0,100,12.68,4
Westport,US,1566913043,41.14,-73.36,70.0,72,4.7,1
San Cristobal,HN,1566913044,14.68,-86.92,84.2,79,10.27,40
Aswan,EG,1566913044,24.09,32.9,105.8,13,11.41,0
Andilamena,MG,1566913044,-17.01,48.57,57.21,79,6.2,0
Coos Bay,US,1566912782,43.37,-124.22,57.99,100,14.67,1
Port Hedland,AU,1566913045,-20.31,118.58,64.4,88,6.93,31
Vanimo,PG,1566913045,-2.67,141.3,81.69,78,9.51,0
Male,UA,1566913045,50.74,33.7,74.85,58,8.61,88
Kargala,RU,1566913045,56.62,83.96,64.99,82,6.76,85
Djougou,BJ,1566913046,9.71,1.67,78.8,74,9.17,75
Port Hardy,CA,1566913046,50.7,-127.42,53.6,93,6.13,75
Kigoma,TZ,1566913046,-4.88,29.64,84.2,51,6.93,40
Daru,PG,1566913046,-9.07,143.21,73.77,81,7.27,98
Shrewsbury,US,1566912997,39.77,-76.68,68.0,88,3.36,75
Quelimane,MZ,1566913047,-17.88,36.89,84.2,48,12.75,20
Xinyu,CN,1566913047,27.8,114.93,81.33,74,1.21,100
Sohag,EG,1566913047,26.55,31.7,100.4,17,20.8,0
Mehamn,NO,1566913048,71.03,27.85,51.8,87,16.11,75
Mittersill,AT,1566913048,47.28,12.48,80.6,35,5.46,40
Leh,IN,1566913048,34.16,77.58,55.41,33,3.89,79
Kawalu,ID,1566913049,-7.38,108.21,65.67,91,3.04,87
Maturin,VE,1566913049,9.75,-63.18,81.87,63,3.96,100
Road Town,VG,1566912841,18.42,-64.62,87.8,66,9.17,40
Richards Bay,ZA,1566913049,-28.77,32.06,69.63,80,13.38,0
Topeka,US,1566912927,39.05,-95.68,66.0,88,8.37,1
Pundaguitan,PH,1566913050,6.37,126.17,81.69,81,15.84,100
Qaqortoq,GL,1566913050,60.72,-46.03,51.8,43,3.36,40
Chanderi,IN,1566913050,24.7,78.12,78.99,85,7.02,100
Balkanabat,TM,1566913050,39.51,54.36,89.97,20,11.9,0
Nampa,US,1566913051,43.57,-116.56,57.99,93,1.59,0
Lentate sul Seveso,IT,1566913051,45.68,9.12,93.0,48,6.93,20
Maceio,BR,1566913051,-9.67,-35.74,80.6,69,18.34,75
Werda,BW,1566913051,-25.27,23.28,84.03,6,6.8,0
The Valley,AI,1566913052,18.22,-63.06,86.0,62,16.11,20
Kikuchi,JP,1566913052,33.0,130.85,77.0,100,2.24,75
Chiautla,MX,1566913052,19.53,-98.88,60.8,77,3.36,75
Bismarck,US,1566912982,46.81,-100.78,54.0,76,20.8,1
Meulaboh,ID,1566912906,4.14,96.13,83.49,68,3.87,100
West Bay,CA,1566913053,49.34,-123.21,63.0,87,8.05,20
Waslala,NI,1566913053,13.33,-85.37,78.45,74,4.03,28
Chaplygin,RU,1566913053,53.24,39.97,75.2,44,15.66,40
Te Anau,NZ,1566913054,-45.41,167.72,44.43,78,10.49,52
Yenagoa,NG,1566913054,4.92,6.26,78.63,84,8.25,100
Cabedelo,BR,1566913054,-6.97,-34.84,80.6,74,17.22,75
Vestmanna,FO,1566913054,62.16,-7.17,53.6,93,11.41,40
Coahuayana,MX,1566913055,18.62,-100.35,77.37,83,2.26,78
Westerland,NL,1566913055,52.89,4.93,93.99,51,5.82,16
Chiquilistlan,MX,1566913055,20.09,-103.86,69.27,74,2.91,94
Ketchikan,US,1566912902,55.34,-131.65,53.6,100,3.36,90
Udgir,IN,1566913056,18.39,77.12,76.29,74,7.14,17
Union,US,1566913056,34.72,-81.62,70.0,93,4.7,90
Zaysan,KZ,1566913056,47.47,84.87,66.21,25,3.83,0
Evensk,RU,1566913056,61.92,159.24,44.25,89,1.23,30
Sioux Lookout,CA,1566912918,50.1,-91.92,55.4,93,13.87,90
Zhigansk,RU,1566913057,66.77,123.37,62.25,51,6.6,100
Kenai,US,1566912792,60.55,-151.26,46.0,93,3.36,1
La Oroya,PE,1566913057,-11.52,-75.9,42.99,36,7.0,0
Shahada,IN,1566913057,21.54,74.47,75.03,94,8.99,100
Kisangani,CD,1566913058,0.52,25.21,82.4,74,6.93,75
Filadelfia,PY,1566913058,-22.35,-60.04,88.71,34,8.3,42
Bandarbeyla,SO,1566913058,9.49,50.81,82.23,53,26.62,54
Nanakuli,US,1566912761,21.39,-158.15,81.0,73,4.7,75
Chara,GR,1566913059,39.42,22.43,93.2,21,17.22,20
Baiima,SL,1566913059,8.11,-11.85,79.17,90,6.78,100
Saint-Hubert,BE,1566912878,50.03,5.37,91.0,25,9.17,20
Tiarei,PF,1566913059,-17.53,-149.33,73.4,83,3.36,40
Verkhnevilyuysk,RU,1566913059,63.45,120.31,56.31,95,5.19,100
Slave Lake,CA,1566913060,55.28,-114.77,39.2,93,3.36,20
Alyangula,AU,1566913060,-13.85,136.42,71.6,53,5.82,67
Buzdyak,RU,1566913060,54.57,54.53,52.35,91,10.6,100
Narimanov,RU,1566913061,46.69,47.85,84.2,32,11.18,40
Itoman,JP,1566913061,26.12,127.67,84.2,83,6.93,20
Poya,NC,1566913061,-21.35,165.16,69.45,78,7.9,35
Chenghai,CN,1566913062,23.46,116.77,84.2,83,4.47,0
Ust-Nera,RU,1566913062,64.57,143.24,42.81,79,4.36,37
Bull Savanna,JM,1566913062,17.89,-77.59,81.33,72,2.64,64
Morristown,US,1566913062,36.21,-83.29,70.0,100,4.7,90
Paveh,IR,1566913063,35.05,46.36,96.8,7,11.41,40
Olavarria,AR,1566913063,-36.89,-60.32,62.01,68,3.0,54
Hirara,JP,1566913063,24.8,125.28,83.49,84,14.76,10
Belaya Gora,RU,1566913064,68.54,146.19,40.47,90,6.71,48
Ostrovnoy,RU,1566913064,68.05,39.51,43.53,61,4.16,69
Vilhena,BR,1566913064,-12.74,-60.15,75.2,73,10.29,100
High Level,CA,1566913064,58.52,-117.13,37.4,93,6.44,20
Comodoro Rivadavia,AR,1566913065,-45.87,-67.48,46.4,42,14.99,0
Hakkari,FI,1566913065,61.34,23.75,77.0,44,9.17,0
Baruun-Urt,MN,1566913065,46.68,113.28,51.99,89,16.6,100
Dongsheng,CN,1566913065,29.72,112.52,77.55,93,7.4,94
Kargopol,RU,1566913065,61.51,38.95,55.95,59,8.05,28
Balikpapan,ID,1566913066,-1.24,116.86,71.61,90,2.01,100
Antofagasta,CL,1566913066,-23.65,-70.4,68.0,72,12.75,75
Izhma,RU,1566913066,65.01,53.91,47.49,60,5.93,100
Landerneau,FR,1566913067,48.45,-4.26,69.8,82,9.17,90
Nichinan,JP,1566913067,31.65,131.31,78.8,88,3.36,75
Labuhan,ID,1566913067,-2.54,115.51,71.61,95,0.78,100
Hofn,IS,1566913067,64.25,-15.21,53.6,87,21.92,90
Lodja,CD,1566913068,-3.52,23.6,93.03,31,3.62,67
Makat,KZ,1566913068,47.65,53.35,77.91,15,6.98,34
Zeya,RU,1566913068,53.74,127.27,53.07,70,6.38,100
Komatipoort,MZ,1566913068,-25.43,31.96,87.01,38,1.99,0
Staryy Nadym,RU,1566913069,65.61,72.68,46.95,74,19.22,100
Chippewa Falls,US,1566913069,44.94,-91.39,62.01,93,9.17,1
Banda Aceh,ID,1566912780,5.56,95.32,82.95,77,15.86,100
Douentza,ML,1566913069,15.01,-2.95,89.07,47,6.51,98
Bud,NO,1566913069,62.91,6.91,75.99,64,4.7,0
Vardo,US,1566913070,39.62,-77.74,68.0,77,6.93,90
